{
  "0.5": {
    "background": {
      "accuracy": 0.40329218106995884,
      "precision": 0,
      "recall": 0,
      "f1": 0
    },
    "bus": {
      "accuracy": 0.9473684210526315,
      "precision": 0.5,
      "recall": 0.2,
      "f1": 0.28571428571428575
    },
    "person": {
      "accuracy": 0.641860465116279,
      "precision": 0.6833333333333333,
      "recall": 0.41414141414141414,
      "f1": 0.5157232704402516
    },
    "car": {
      "accuracy": 0.7320954907161804,
      "precision": 0.5734265734265734,
      "recall": 0.6721311475409836,
      "f1": 0.6188679245283019
    },
    "truck": {
      "accuracy": 0.8888888888888888,
      "precision": 0.5416666666666666,
      "recall": 0.43333333333333335,
      "f1": 0.4814814814814815
    },
    "bicycle": {
      "accuracy": 0.8705882352941177,
      "precision": 0.6153846153846154,
      "recall": 0.5714285714285714,
      "f1": 0.5925925925925927
    },
    "motorcycle": {
      "accuracy": 0.9224137931034483,
      "precision": 0.8571428571428571,
      "recall": 0.42857142857142855,
      "f1": 0.5714285714285714
    }
  },
  "0.55": {
    "background": {
      "accuracy": 0.3724279835390947,
      "precision": 0,
      "recall": 0,
      "f1": 0
    },
    "bus": {
      "accuracy": 0.9473684210526315,
      "precision": 0.5,
      "recall": 0.2,
      "f1": 0.28571428571428575
    },
    "person": {
      "accuracy": 0.6302325581395349,
      "precision": 0.6695652173913044,
      "recall": 0.3888888888888889,
      "f1": 0.4920127795527156
    },
    "car": {
      "accuracy": 0.7108753315649867,
      "precision": 0.5488721804511278,
      "recall": 0.5983606557377049,
      "f1": 0.5725490196078432
    },
    "truck": {
      "accuracy": 0.8888888888888888,
      "precision": 0.5416666666666666,
      "recall": 0.43333333333333335,
      "f1": 0.4814814814814815
    },
    "bicycle": {
      "accuracy": 0.8705882352941177,
      "precision": 0.6153846153846154,
      "recall": 0.5714285714285714,
      "f1": 0.5925925925925927
    },
    "motorcycle": {
      "accuracy": 0.9224137931034483,
      "precision": 0.8571428571428571,
      "recall": 0.42857142857142855,
      "f1": 0.5714285714285714
    }
  },
  "0.6": {
    "background": {
      "accuracy": 0.35185185185185186,
      "precision": 0,
      "recall": 0,
      "f1": 0
    },
    "bus": {
      "accuracy": 0.9473684210526315,
      "precision": 0.5,
      "recall": 0.2,
      "f1": 0.28571428571428575
    },
    "person": {
      "accuracy": 0.6209302325581395,
      "precision": 0.6576576576576577,
      "recall": 0.3686868686868687,
      "f1": 0.4724919093851133
    },
    "car": {
      "accuracy": 0.7082228116710876,
      "precision": 0.546875,
      "recall": 0.5737704918032787,
      "f1": 0.5599999999999999
    },
    "truck": {
      "accuracy": 0.8888888888888888,
      "precision": 0.5416666666666666,
      "recall": 0.43333333333333335,
      "f1": 0.4814814814814815
    },
    "bicycle": {
      "accuracy": 0.8705882352941177,
      "precision": 0.6153846153846154,
      "recall": 0.5714285714285714,
      "f1": 0.5925925925925927
    },
    "motorcycle": {
      "accuracy": 0.9137931034482759,
      "precision": 0.8333333333333334,
      "recall": 0.35714285714285715,
      "f1": 0.5
    }
  },
  "0.65": {
    "background": {
      "accuracy": 0.31893004115226337,
      "precision": 0,
      "recall": 0,
      "f1": 0
    },
    "bus": {
      "accuracy": 0.9473684210526315,
      "precision": 0.5,
      "recall": 0.2,
      "f1": 0.28571428571428575
    },
    "person": {
      "accuracy": 0.6,
      "precision": 0.6274509803921569,
      "recall": 0.32323232323232326,
      "f1": 0.4266666666666667
    },
    "car": {
      "accuracy": 0.6949602122015915,
      "precision": 0.5284552845528455,
      "recall": 0.5327868852459017,
      "f1": 0.5306122448979592
    },
    "truck": {
      "accuracy": 0.8809523809523809,
      "precision": 0.5,
      "recall": 0.36666666666666664,
      "f1": 0.423076923076923
    },
    "bicycle": {
      "accuracy": 0.8705882352941177,
      "precision": 0.6153846153846154,
      "recall": 0.5714285714285714,
      "f1": 0.5925925925925927
    },
    "motorcycle": {
      "accuracy": 0.9137931034482759,
      "precision": 0.8333333333333334,
      "recall": 0.35714285714285715,
      "f1": 0.5
    }
  },
  "0.7": {
    "background": {
      "accuracy": 0.294238683127572,
      "precision": 0,
      "recall": 0,
      "f1": 0
    },
    "bus": {
      "accuracy": 0.9473684210526315,
      "precision": 0.5,
      "recall": 0.2,
      "f1": 0.28571428571428575
    },
    "person": {
      "accuracy": 0.5883720930232558,
      "precision": 0.6082474226804123,
      "recall": 0.29797979797979796,
      "f1": 0.4
    },
    "car": {
      "accuracy": 0.6843501326259946,
      "precision": 0.5126050420168067,
      "recall": 0.5,
      "f1": 0.5062240663900415
    },
    "truck": {
      "accuracy": 0.8809523809523809,
      "precision": 0.5,
      "recall": 0.36666666666666664,
      "f1": 0.423076923076923
    },
    "bicycle": {
      "accuracy": 0.8588235294117647,
      "precision": 0.5833333333333334,
      "recall": 0.5,
      "f1": 0.5384615384615384
    },
    "motorcycle": {
      "accuracy": 0.896551724137931,
      "precision": 0.75,
      "recall": 0.21428571428571427,
      "f1": 0.3333333333333333
    }
  },
  "0.75": {
    "background": {
      "accuracy": 0.26639344262295084,
      "precision": 0,
      "recall": 0,
      "f1": 0
    },
    "bus": {
      "accuracy": 0.9473684210526315,
      "precision": 0.5,
      "recall": 0.2,
      "f1": 0.28571428571428575
    },
    "person": {
      "accuracy": 0.5697674418604651,
      "precision": 0.5730337078651685,
      "recall": 0.25757575757575757,
      "f1": 0.3554006968641115
    },
    "car": {
      "accuracy": 0.6816976127320955,
      "precision": 0.5087719298245614,
      "recall": 0.47540983606557374,
      "f1": 0.4915254237288136
    },
    "truck": {
      "accuracy": 0.8809523809523809,
      "precision": 0.5,
      "recall": 0.36666666666666664,
      "f1": 0.423076923076923
    },
    "bicycle": {
      "accuracy": 0.8470588235294118,
      "precision": 0.5454545454545454,
      "recall": 0.42857142857142855,
      "f1": 0.4799999999999999
    },
    "motorcycle": {
      "accuracy": 0.8879310344827587,
      "precision": 0.6666666666666666,
      "recall": 0.14285714285714285,
      "f1": 0.23529411764705882
    }
  },
  "0.8": {
    "background": {
      "accuracy": 0.22950819672131148,
      "precision": 0,
      "recall": 0,
      "f1": 0
    },
    "bus": {
      "accuracy": 0.9473684210526315,
      "precision": 0.5,
      "recall": 0.2,
      "f1": 0.28571428571428575
    },
    "person": {
      "accuracy": 0.5395348837209303,
      "precision": 0.5,
      "recall": 0.1919191919191919,
      "f1": 0.2773722627737226
    },
    "car": {
      "accuracy": 0.6710875331564987,
      "precision": 0.4909090909090909,
      "recall": 0.4426229508196721,
      "f1": 0.46551724137931033
    },
    "truck": {
      "accuracy": 0.8809523809523809,
      "precision": 0.5,
      "recall": 0.36666666666666664,
      "f1": 0.423076923076923
    },
    "bicycle": {
      "accuracy": 0.8352941176470589,
      "precision": 0.5,
      "recall": 0.35714285714285715,
      "f1": 0.41666666666666663
    },
    "motorcycle": {
      "accuracy": 0.8879310344827587,
      "precision": 0.6666666666666666,
      "recall": 0.14285714285714285,
      "f1": 0.23529411764705882
    }
  },
  "0.85": {
    "background": {
      "accuracy": 0.18237704918032788,
      "precision": 0,
      "recall": 0,
      "f1": 0
    },
    "bus": {
      "accuracy": 0.9473684210526315,
      "precision": 0.5,
      "recall": 0.2,
      "f1": 0.28571428571428575
    },
    "person": {
      "accuracy": 0.5116279069767442,
      "precision": 0.40625,
      "recall": 0.13131313131313133,
      "f1": 0.19847328244274812
    },